time,what time is it?
time,what time is it?
time,what time is it?
time,can you tell me the time?
time,do you know what time it is?
time,do you happen to know the time?
time,can you tell time?
time,what is the time?
time,do you know the time?
time,what the time?
time,tell me the time
time,tell me time
time,what is time
hello,hello
hello,hello
hello,hello
hello,hi
hello,hi
hello,hi
hello,howdy
hello,hi there
hello,hello there
hello,hi friend
hello,hello there
hello,hey
how is,how are you?
how is,how are you?
how is,how are you?
how is,how is you?
how is,how is you?
how is,how is you?
how is,what's up?
how is,what's up?
how is,what's up?
how is,how are you doing?
how is,how is you doing?
how is,how have you been?
how is,how has you been?
how is,how is it going?
how is,what's going on?
how is,are you doing well?
how is,is you doing well?
how is,how have you been doing?
how is,how has you been doing?
what is,what are you?
what is,what are you?
what is,what are you?
what is,what is you?
what is,what is you?
what is,what is you?
what is,what do you do?
what is,what do you do?
what is,what do you do?
what is,what does you do?
what is,what does you do?
what is,what does you do?
what is,what is it that you do?
what is,what is it that you does?
what is,what is you function?
what is,what is you purpose?
what is,what can you do?
what is,tell me about who you are
what is,tell me about who you is
what is,tell me about what you do
what is,tell me about what you does
what is,do you know who you are?
what is,do you know who you is?
what is,do you know what you do?
what is,do you know what you does?
disapprove,I don't like you
disapprove,I don't like you
disapprove,I hate you
disapprove,I hate you
disapprove,you are boring
disapprove,you is boring
disapprove,I hate this
disapprove,this is boring
disapprove,you suck
disapprove,this sucks
disapprove,you sucks